{"cameraMode":{"drawMode":0,"name":"Shaded","section":"Shading Mode"},"sceneLighting":true,"audioPlay":false,"sceneViewState":{"showFog":true,"showMaterialUpdate":true,"showSkybox":true,"showFlares":true,"showImageEffects":true,"showParticleSystems":true},"in2DMode":false,"pivot":{"x":-7.493206977844238,"y":2.7345240116119386,"z":-14.115083694458008},"rotation":{"x":0.15754534304141999,"y":0.39143452048301699,"z":-0.0681702196598053,"w":0.9041025638580322},"size":22.86990737915039,"orthographic":false}