{"cameraMode":{"drawMode":0,"name":"Shaded","section":"Shading Mode"},"sceneLighting":true,"audioPlay":false,"sceneViewState":{"showFog":true,"showMaterialUpdate":false,"showSkybox":true,"showFlares":true,"showImageEffects":true,"showParticleSystems":true},"in2DMode":false,"pivot":{"x":27.029743194580079,"y":-3.3545029163360597,"z":15.591459274291993},"rotation":{"x":0.1050126776099205,"y":-0.8295105695724487,"z":0.16668155789375306,"w":0.5226020812988281},"size":9.301627159118653,"orthographic":false}