{"cameraMode":{"drawMode":0,"name":"Shaded","section":"Shading Mode"},"sceneLighting":true,"audioPlay":false,"sceneViewState":{"showFog":true,"showMaterialUpdate":true,"showSkybox":true,"showFlares":true,"showImageEffects":true,"showParticleSystems":true},"in2DMode":false,"pivot":{"x":-46.38660430908203,"y":-1.8547730445861817,"z":-6.215864658355713},"rotation":{"x":-0.46153753995895388,"y":-0.07960401475429535,"z":0.04175792261958122,"w":-0.8826467394828796},"size":20.2542724609375,"orthographic":false}